{"cameraMode":{"drawMode":0,"name":"Shaded","section":"Shading Mode"},"sceneLighting":false,"audioPlay":false,"sceneViewState":{"m_AlwaysRefresh":false,"showFog":true,"showSkybox":false,"showFlares":true,"showImageEffects":true,"showParticleSystems":true,"showVisualEffectGraphs":true,"m_FxEnabled":true},"in2DMode":false,"pivot":{"x":4.880216121673584,"y":2.2800002098083498,"z":4.875000953674316},"rotation":{"x":-0.23943263292312623,"y":-0.23402605950832368,"z":0.05958470702171326,"w":-0.9404017925262451},"size":7.7661542892456059,"orthographic":false}